<application>
  <component name="FindSettings">
    <option name="customScope" value="All Places" />
    <option name="defaultScopeName" value="All Places" />
    <option name="SEARCH_SCOPE" value="All Places" />
    <mask>*.xml</mask>
    <mask>*.css</mask>
    <mask>*.shtml</mask>
    <mask>*.shtm</mask>
    <mask>*.ng</mask>
    <mask>*.htm</mask>
    <mask>*.sht</mask>
    <mask>*.html</mask>
    <mask>*.mts</mask>
    <mask>*.cts</mask>
    <mask>*.ats</mask>
    <mask>*.cjs</mask>
    <mask>*.js</mask>
    <mask>*.json</mask>
    <mask>package.json</mask>
    <mask>*.ts*</mask>
    <mask>*command*</mask>
    <mask>*json</mask>
    <mask>*ts</mask>
    <mask>*.md</mask>
    <mask>*command.ts</mask>
    <mask>*Command.ts</mask>
    <mask>*Context.ts</mask>
    <mask>index.ts</mask>
    <mask>manifest.json</mask>
    <mask>*.ts</mask>
    <mask>*.test.ts</mask>
  </component>
</application>